id;company_name;unique_entity_number_uen;address;name_of_contact_person;designation;contact_no;email;exporter_company_name;exporter_address;eu_company_name;country;radio_1
1;iterate Home Loan Account;challenge violet generating;override Branding Rhode Island;neural invoice;invoice;synthesizing;Ron.Zulauf72@yahoo.com;platforms copy Colorado;Human Graphical User Interface Accountability;Lakes monitoring;Colombia;syndicate cultivate Books
2;Intelligent Plastic Soap Kids Fantastic Wooden Chair;Home;Oklahoma;24/7 navigating;Points RAM COM;Awesome Central;Elmore.Lindgren@yahoo.com;Concrete Ameliorated;Computers synthesizing;Saint Helena Pound;Honduras;Music Awesome
3;olive;tan program;monetize Principal;quantifying Chief;blue Web;bifurcated Avon Via;Natalie69@hotmail.com;Keyboard Tasty;sticky green;back up Forest;Ukraine;invoice Cotton
4;Tala XSS;Wooden Boliviano Mvdol;Table Intelligent Wooden Salad;Director tan bypass;bypass Incredible Plastic Gloves;interfaces user-facing;Anne_Swift83@gmail.com;programming Handcrafted;bus SCSI;Synergized Handcrafted Borders;Fiji;navigating Investment Account
5;PCI Incredible;Investment Account;enterprise connect;mindshare Small Metal Pants;Virginia Chair aggregate;Rustic Functionality Music;Bonita30@gmail.com;Cambridgeshire;haptic matrix value-added;cross-platform Garden Baby;Czech Republic;Iowa Metal global
6;web-enabled innovate Democratic People's Republic of Korea;Burundi Franc incentivize back up;Nepalese Rupee;user-centric;New Leu Books Incredible Metal Chips;navigating Borders;Garth_Padberg64@gmail.com;bottom-line;connecting Syrian Pound;Auto Loan Account Incredible Cotton Chicken;Maldives;Home Loan Account leverage
7;Cross-group;web services;Profit-focused Personal Loan Account success;Cambridgeshire Avon;intuitive cross-platform;transmit;Rowland48@gmail.com;HTTP;back-end artificial intelligence;Rubber;Timor-Leste;Ergonomic
8;Markets;Unbranded override Accountability;navigating Tuna Innovative;Home Loan Account solid state quantify;Small Island digital;Cambridgeshire haptic;Elian_Kertzmann@yahoo.com;Human;application Creative Awesome Metal Car;Auto Loan Account killer calculate;Samoa;Multi-channelled recontextualize impactful
9;Bike;orchid Direct ADP;clicks-and-mortar scalable Auto Loan Account;Home Enterprise-wide yellow;Berkshire payment Ergonomic;architectures Savings Account Data;Dixie78@gmail.com;Licensed Steel Bacon Proactive Kina;quantify exploit Table;payment virtual;Turkmenistan;violet Jewelery Planner
10;mission-critical Frozen withdrawal;Buckinghamshire;Generic Cotton Towels demand-driven HTTP;Wooden Crossroad;Legacy;Tools;Cora.Kshlerin@yahoo.com;withdrawal Up-sized;website;Managed Baby Singapore Dollar;Barbados;calculate Sleek
